-- MySQL Administrator dump 1.4
--
-- ------------------------------------------------------
-- Server version	5.0.45-community-nt


/*!40101 SET @OLD_CHARACTER_SET_CLIENT=@@CHARACTER_SET_CLIENT */;
/*!40101 SET @OLD_CHARACTER_SET_RESULTS=@@CHARACTER_SET_RESULTS */;
/*!40101 SET @OLD_COLLATION_CONNECTION=@@COLLATION_CONNECTION */;
/*!40101 SET NAMES utf8 */;

/*!40014 SET @OLD_UNIQUE_CHECKS=@@UNIQUE_CHECKS, UNIQUE_CHECKS=0 */;
/*!40014 SET @OLD_FOREIGN_KEY_CHECKS=@@FOREIGN_KEY_CHECKS, FOREIGN_KEY_CHECKS=0 */;
/*!40101 SET @OLD_SQL_MODE=@@SQL_MODE, SQL_MODE='NO_AUTO_VALUE_ON_ZERO' */;


--
-- Create schema angie
--

CREATE DATABASE IF NOT EXISTS angie;
USE angie;

--
-- Definition of table `billing`
--

DROP TABLE IF EXISTS `billing`;
CREATE TABLE `billing` (
  `billingid` varchar(12) NOT NULL,
  `custid` varchar(12) NOT NULL,
  `userid` varchar(12) NOT NULL,
  `flag` char(1) NOT NULL,
  `date` date NOT NULL,
  PRIMARY KEY  (`billingid`)
) ENGINE=InnoDB DEFAULT CHARSET=latin1;

--
-- Dumping data for table `billing`
--

/*!40000 ALTER TABLE `billing` DISABLE KEYS */;
INSERT INTO `billing` (`billingid`,`custid`,`userid`,`flag`,`date`) VALUES 
 ('2012-00001','2012-00001','U-2012-01','N','2012-09-13');
/*!40000 ALTER TABLE `billing` ENABLE KEYS */;


--
-- Definition of table `cust`
--

DROP TABLE IF EXISTS `cust`;
CREATE TABLE `cust` (
  `custid` varchar(12) NOT NULL,
  `name` varchar(100) NOT NULL,
  `connum` varchar(60) NOT NULL,
  `address` varchar(100) NOT NULL,
  `datereg` date NOT NULL,
  PRIMARY KEY  (`custid`)
) ENGINE=InnoDB DEFAULT CHARSET=latin1;

--
-- Dumping data for table `cust`
--

/*!40000 ALTER TABLE `cust` DISABLE KEYS */;
INSERT INTO `cust` (`custid`,`name`,`connum`,`address`,`datereg`) VALUES 
 ('2012-00001',' Walk - In','','','0000-00-00'),
 ('2012-00002','Paleco','5646548465484','Brooke\'s Point Palawan','2012-09-12');
/*!40000 ALTER TABLE `cust` ENABLE KEYS */;


--
-- Definition of table `loghis`
--

DROP TABLE IF EXISTS `loghis`;
CREATE TABLE `loghis` (
  `logid` varchar(10) NOT NULL,
  `userid` varchar(45) NOT NULL,
  `login` datetime NOT NULL,
  `logout` datetime default NULL,
  PRIMARY KEY  (`logid`)
) ENGINE=InnoDB DEFAULT CHARSET=latin1;

--
-- Dumping data for table `loghis`
--

/*!40000 ALTER TABLE `loghis` DISABLE KEYS */;
INSERT INTO `loghis` (`logid`,`userid`,`login`,`logout`) VALUES 
 ('2012-00001','U-2012-01','2012-07-10 01:38:45','2012-07-10 01:39:01'),
 ('2012-00002','U-2012-01','2012-07-29 00:36:59','2012-07-29 00:44:50'),
 ('2012-00003','U-2012-01','2012-07-29 00:45:23','2012-07-29 00:46:26'),
 ('2012-00004','U-2012-01','2012-07-29 00:47:36','2012-07-29 00:48:23'),
 ('2012-00005','U-2012-01','2012-08-07 07:10:30','2012-08-07 07:10:38'),
 ('2012-00006','U-2012-01','2012-08-07 07:10:42','2012-08-07 07:11:01'),
 ('2012-00007','U-2012-01','2012-08-07 07:12:22','2012-08-07 07:13:00'),
 ('2012-00008','U-2012-01','2012-08-07 07:13:06','2012-08-07 07:15:03'),
 ('2012-00009','U-2012-01','2012-08-07 07:18:12','2012-08-07 07:20:52'),
 ('2012-00010','U-2012-01','2012-08-07 07:26:43','2012-08-07 07:52:49'),
 ('2012-00011','U-2012-01','2012-08-07 08:18:43','2012-08-07 08:19:21'),
 ('2012-00012','U-2012-01','2012-08-07 08:19:23','2012-08-07 08:20:39'),
 ('2012-00013','U-2012-01','2012-08-07 08:20:40','2012-08-07 08:20:59'),
 ('2012-00014','U-2012-01','2012-08-07 08:21:58','2012-08-07 08:22:52');
INSERT INTO `loghis` (`logid`,`userid`,`login`,`logout`) VALUES 
 ('2012-00015','U-2012-01','2012-08-07 08:22:53','2012-08-07 08:23:22'),
 ('2012-00016','U-2012-01','2012-08-07 08:25:13','2012-08-07 08:25:35'),
 ('2012-00017','U-2012-01','2012-08-07 08:25:36','2012-08-07 08:27:06'),
 ('2012-00018','U-2012-01','2012-08-07 08:27:09','2012-08-07 08:27:19'),
 ('2012-00019','U-2012-01','2012-08-07 08:39:25','2012-08-07 08:41:04'),
 ('2012-00020','U-2012-01','2012-08-07 08:41:06','2012-08-07 08:43:48'),
 ('2012-00021','U-2012-01','2012-08-07 08:43:48','2012-08-09 21:12:51'),
 ('2012-00022','U-2012-01','2012-08-09 21:34:50','2012-08-09 21:36:28'),
 ('2012-00023','U-2012-01','2012-08-09 22:13:31','2012-08-09 22:54:16'),
 ('2012-00024','U-2012-01','2012-08-09 22:54:18','2012-08-09 22:55:12'),
 ('2012-00025','U-2012-01','2012-08-09 22:55:14','2012-08-09 22:56:36'),
 ('2012-00026','U-2012-01','2012-08-09 23:04:50','2012-08-09 23:10:44'),
 ('2012-00027','U-2012-01','2012-08-09 23:10:45','2012-08-09 23:11:13'),
 ('2012-00028','U-2012-01','2012-08-09 23:11:16','2012-08-09 23:24:23');
INSERT INTO `loghis` (`logid`,`userid`,`login`,`logout`) VALUES 
 ('2012-00029','U-2012-01','2012-08-09 23:24:25','2012-08-09 23:25:27'),
 ('2012-00030','U-2012-01','2012-08-09 23:25:32','2012-08-09 23:30:03'),
 ('2012-00031','U-2012-01','2012-08-09 23:30:05','2012-08-09 23:31:50'),
 ('2012-00032','U-2012-01','2012-08-09 23:32:16','2012-08-10 00:23:03'),
 ('2012-00033','U-2012-01','2012-08-10 00:23:05','2012-08-10 00:23:43'),
 ('2012-00034','U-2012-01','2012-08-10 00:23:45','2012-08-10 00:24:26'),
 ('2012-00035','U-2012-01','2012-08-10 00:24:28','2012-08-10 00:27:15'),
 ('2012-00036','U-2012-01','2012-08-10 00:27:18','2012-08-10 00:43:19'),
 ('2012-00037','U-2012-01','2012-08-10 01:27:15','2012-08-10 02:45:21'),
 ('2012-00038','U-2012-01','2012-08-10 02:45:22','2012-08-10 02:48:27'),
 ('2012-00039','U-2012-01','2012-08-10 02:48:28','2012-08-10 02:49:33'),
 ('2012-00040','U-2012-01','2012-08-10 02:49:34','2012-08-10 04:28:45'),
 ('2012-00041','U-2012-01','2012-08-10 04:29:35','2012-08-10 04:30:32'),
 ('2012-00042','U-2012-01','2012-08-10 04:30:33','2012-08-10 04:34:47');
INSERT INTO `loghis` (`logid`,`userid`,`login`,`logout`) VALUES 
 ('2012-00043','U-2012-01','2012-08-10 04:34:49','2012-08-10 04:41:06'),
 ('2012-00044','U-2012-01','2012-08-10 05:16:42','2012-08-10 07:44:59'),
 ('2012-00045','U-2012-01','2012-08-10 07:46:16','2012-08-10 07:56:01'),
 ('2012-00046','U-2012-01','2012-08-10 07:58:34','2012-08-10 07:59:33'),
 ('2012-00047','U-2012-01','2012-08-10 08:07:21','2012-08-10 08:12:13'),
 ('2012-00048','U-2012-01','2012-08-11 02:38:12','2012-08-11 02:38:25'),
 ('2012-00049','U-2012-01','2012-08-11 02:40:09','2012-08-11 02:40:25'),
 ('2012-00050','U-2012-01','2012-08-11 02:41:47','2012-08-11 02:42:24'),
 ('2012-00051','U-2012-01','2012-08-12 20:49:56','2012-08-12 20:50:28'),
 ('2012-00052','U-2012-01','2012-08-12 21:34:26','2012-08-12 21:34:36'),
 ('2012-00053','U-2012-01','2012-08-12 21:40:30','2012-08-12 21:41:01'),
 ('2012-00054','U-2012-01','2012-08-12 22:52:30','2012-08-12 22:53:37'),
 ('2012-00055','U-2012-01','2012-08-12 23:06:02','2012-08-12 23:25:44'),
 ('2012-00056','U-2012-01','2012-08-12 23:26:38','2012-08-12 23:26:57');
INSERT INTO `loghis` (`logid`,`userid`,`login`,`logout`) VALUES 
 ('2012-00057','U-2012-01','2012-08-12 23:52:48','2012-08-12 23:57:04'),
 ('2012-00058','U-2012-01','2012-08-12 23:57:06','2012-08-12 23:58:21'),
 ('2012-00059','U-2012-01','2012-08-12 23:58:23','2012-08-13 00:06:51'),
 ('2012-00060','U-2012-01','2012-08-13 00:06:54','2012-08-13 00:09:42'),
 ('2012-00061','U-2012-01','2012-08-13 00:13:05','2012-08-13 00:13:18'),
 ('2012-00062','U-2012-01','2012-08-13 00:14:12','2012-08-13 00:14:45'),
 ('2012-00063','U-2012-01','2012-08-13 00:33:26','2012-08-13 00:33:38'),
 ('2012-00064','U-2012-01','2012-08-13 00:43:20','2012-08-13 00:46:18'),
 ('2012-00065','U-2012-01','2012-08-13 00:46:45','2012-08-13 00:47:32'),
 ('2012-00066','U-2012-01','2012-08-13 00:47:34','2012-08-13 00:51:32'),
 ('2012-00067','U-2012-01','2012-08-13 00:51:33','2012-08-13 00:55:17'),
 ('2012-00068','U-2012-01','2012-08-13 00:55:19','2012-08-13 00:56:20'),
 ('2012-00069','U-2012-01','2012-08-13 00:56:23','2012-08-13 01:47:35'),
 ('2012-00070','U-2012-01','2012-08-13 01:47:39','2012-08-13 01:48:35');
INSERT INTO `loghis` (`logid`,`userid`,`login`,`logout`) VALUES 
 ('2012-00071','U-2012-01','2012-08-13 01:49:49','2012-08-13 01:51:56'),
 ('2012-00072','U-2012-01','2012-08-13 01:52:00','2012-08-13 01:53:22'),
 ('2012-00073','U-2012-01','2012-08-13 01:53:24','2012-08-13 01:53:56'),
 ('2012-00074','U-2012-01','2012-08-13 01:54:46','2012-08-13 01:55:08'),
 ('2012-00075','U-2012-01','2012-08-13 02:12:26','2012-08-13 02:25:25'),
 ('2012-00076','U-2012-01','2012-08-13 02:25:27','2012-08-13 02:33:50'),
 ('2012-00077','U-2012-01','2012-08-13 02:33:54','2012-08-13 02:44:34'),
 ('2012-00078','U-2012-01','2012-08-13 02:49:01','2012-08-13 04:09:25'),
 ('2012-00079','U-2012-01','2012-08-13 04:09:29','2012-08-13 04:11:05'),
 ('2012-00080','U-2012-01','2012-08-13 04:11:07','2012-08-13 04:11:10'),
 ('2012-00081','U-2012-01','2012-08-13 04:11:11','2012-08-13 04:11:16'),
 ('2012-00082','U-2012-01','2012-08-13 06:52:40','2012-08-13 06:55:16'),
 ('2012-00083','U-2012-01','2012-08-13 06:55:19','2012-08-13 06:56:05'),
 ('2012-00084','U-2012-01','2012-08-13 06:56:07','2012-08-13 06:58:16');
INSERT INTO `loghis` (`logid`,`userid`,`login`,`logout`) VALUES 
 ('2012-00085','U-2012-01','2012-08-13 06:58:22','2012-08-13 07:23:18'),
 ('2012-00086','U-2012-01','2012-08-13 07:23:21','2012-08-13 07:25:36'),
 ('2012-00087','U-2012-01','2012-08-13 07:25:37','2012-08-13 07:26:47'),
 ('2012-00088','U-2012-01','2012-08-13 07:26:49','2012-08-13 07:29:04'),
 ('2012-00089','U-2012-01','2012-08-13 07:29:06','2012-08-13 07:29:13'),
 ('2012-00090','U-2012-01','2012-08-13 08:17:42','2012-08-13 08:23:54'),
 ('2012-00091','U-2012-01','2012-08-13 08:24:02','2012-08-13 10:46:01'),
 ('2012-00092','U-2012-01','2012-08-13 11:01:10','2012-08-13 12:05:19'),
 ('2012-00093','U-2012-01','2012-08-13 12:06:45','2012-08-13 12:07:06'),
 ('2012-00094','U-2012-01','2012-08-13 12:07:25','2012-08-13 12:07:33'),
 ('2012-00095','U-2012-01','2012-08-13 12:07:57','2012-08-13 12:08:00'),
 ('2012-00096','U-2012-01','2012-08-13 12:08:02','2012-08-13 12:08:07'),
 ('2012-00097','U-2012-01','2012-08-13 12:08:08','2012-08-13 12:08:11'),
 ('2012-00098','U-2012-01','2012-08-13 12:17:19','2012-08-13 12:17:51');
INSERT INTO `loghis` (`logid`,`userid`,`login`,`logout`) VALUES 
 ('2012-00099','U-2012-01','2012-08-13 12:19:03','2012-08-13 12:23:43'),
 ('2012-00100','U-2012-01','2012-08-13 12:23:46','2012-08-13 12:29:13'),
 ('2012-00101','U-2012-01','2012-08-13 12:29:15','2012-08-13 12:29:34'),
 ('2012-00102','U-2012-01','2012-08-13 12:34:26','2012-08-13 12:35:03'),
 ('2012-00103','U-2012-01','2012-08-13 12:36:35','2012-08-13 12:36:44'),
 ('2012-00104','U-2012-01','2012-08-13 18:21:10','2012-08-13 18:21:42'),
 ('2012-00105','U-2012-01','2012-08-13 21:49:57','2012-08-13 21:50:16'),
 ('2012-00106','U-2012-01','2012-08-14 07:48:55','2012-08-14 07:51:13'),
 ('2012-00107','U-2012-01','2012-08-14 08:05:14','2012-08-14 08:06:03'),
 ('2012-00108','U-2012-01','2012-08-14 12:17:44','2012-08-14 12:21:18'),
 ('2012-00109','U-2012-01','2012-08-14 12:23:08','2012-08-14 12:26:56'),
 ('2012-00110','U-2012-01','2012-08-14 18:28:43','2012-08-14 18:30:34'),
 ('2012-00111','U-2012-01','2012-08-14 18:59:13','2012-08-14 19:33:27'),
 ('2012-00112','U-2012-01','2012-08-15 06:04:18','2012-08-15 06:04:41');
INSERT INTO `loghis` (`logid`,`userid`,`login`,`logout`) VALUES 
 ('2012-00113','U-2012-01','2012-08-15 06:12:21','2012-08-15 06:12:30'),
 ('2012-00114','U-2012-01','2012-08-15 06:15:58','2012-08-15 06:16:28'),
 ('2012-00115','U-2012-01','2012-08-15 06:20:59','2012-08-15 06:21:31'),
 ('2012-00116','U-2012-01','2012-08-15 07:09:25','2012-08-15 07:12:05'),
 ('2012-00117','U-2012-01','2012-08-15 07:31:31','2012-08-15 08:02:51'),
 ('2012-00118','U-2012-01','2012-08-15 08:43:54','2012-08-15 08:47:27'),
 ('2012-00119','U-2012-01','2012-08-15 08:48:07','2012-08-15 09:37:57'),
 ('2012-00120','U-2012-01','2012-08-15 21:00:52','2012-08-16 03:26:48'),
 ('2012-00121','U-2012-01','2012-08-16 05:15:27','2012-08-16 05:24:56'),
 ('2012-00122','U-2012-01','2012-08-16 05:25:13','2012-08-16 05:28:29'),
 ('2012-00123','U-2012-01','2012-08-16 05:30:47','2012-08-16 05:33:51'),
 ('2012-00124','U-2012-01','2012-08-16 05:34:02','2012-08-16 11:53:54'),
 ('2012-00125','U-2012-01','2012-08-16 11:54:06','2012-08-16 11:56:59'),
 ('2012-00126','U-2012-01','2012-08-16 11:57:12','2012-08-16 12:02:00');
INSERT INTO `loghis` (`logid`,`userid`,`login`,`logout`) VALUES 
 ('2012-00127','U-2012-01','2012-08-16 14:11:58','2012-08-16 14:14:05'),
 ('2012-00128','U-2012-01','2012-08-16 14:14:18','2012-08-16 14:15:56'),
 ('2012-00129','U-2012-01','2012-08-16 14:19:07','2012-08-16 14:26:12'),
 ('2012-00130','U-2012-01','2012-08-16 14:26:27','2012-08-16 14:43:37'),
 ('2012-00131','U-2012-01','2012-08-16 18:59:15','2012-08-16 19:08:40'),
 ('2012-00132','U-2012-01','2012-08-16 19:10:53','2012-08-16 19:28:01'),
 ('2012-00133','U-2012-01','2012-08-16 19:28:09','2012-08-17 16:30:32'),
 ('2012-00134','U-2012-01','2012-08-17 16:31:01','2012-08-17 16:35:00'),
 ('2012-00135','U-2012-01','2012-08-17 16:35:15','2012-08-17 16:37:42'),
 ('2012-00136','U-2012-01','2012-08-17 16:38:02','2012-08-17 16:39:47'),
 ('2012-00137','U-2012-01','2012-08-17 16:40:01','2012-08-17 16:43:00'),
 ('2012-00138','U-2012-01','2012-08-17 16:43:16','2012-08-17 16:54:09'),
 ('2012-00139','U-2012-01','2012-08-17 16:54:32','2012-08-17 16:55:17'),
 ('2012-00140','U-2012-01','2012-08-17 16:55:49','2012-08-17 17:04:22');
INSERT INTO `loghis` (`logid`,`userid`,`login`,`logout`) VALUES 
 ('2012-00141','U-2012-01','2012-09-01 20:40:05','2012-09-01 17:45:44'),
 ('2012-00142','U-2012-01','2012-09-06 17:46:24','2012-09-06 17:47:19'),
 ('2012-00143','U-2012-01','2012-09-06 17:52:43','2012-09-06 23:11:32'),
 ('2012-00144','U-2012-01','2012-09-06 23:11:45','2012-09-06 23:11:58'),
 ('2012-00145','U-2012-01','2012-09-06 23:16:37','2012-09-07 07:51:15'),
 ('2012-00146','U-2012-01','2012-09-07 07:51:40','2012-09-07 08:02:28'),
 ('2012-00147','U-2012-01','2012-09-07 08:02:40','2012-09-07 08:06:00'),
 ('2012-00148','U-2012-01','2012-09-07 08:06:07','2012-09-07 08:10:17'),
 ('2012-00149','U-2012-01','2012-09-07 08:11:15','2012-09-07 08:17:41'),
 ('2012-00150','U-2012-01','2012-09-07 08:17:47','2012-09-07 08:31:15'),
 ('2012-00151','U-2012-01','2012-09-07 08:43:12','2012-09-07 08:53:26'),
 ('2012-00152','U-2012-01','2012-09-07 08:54:46','2012-09-07 09:01:46'),
 ('2012-00153','U-2012-01','2012-09-07 10:06:43','2012-09-07 10:07:45'),
 ('2012-00154','U-2012-01','2012-09-07 12:57:19','2012-09-07 12:59:59');
INSERT INTO `loghis` (`logid`,`userid`,`login`,`logout`) VALUES 
 ('2012-00155','U-2012-01','2012-09-07 13:00:07','2012-09-07 13:04:31'),
 ('2012-00156','U-2012-01','2012-09-07 13:04:40','2012-09-07 13:05:16'),
 ('2012-00157','U-2012-01','2012-09-07 13:05:59','2012-09-07 13:07:04'),
 ('2012-00158','U-2012-01','2012-09-07 19:13:41','2012-09-07 19:18:37'),
 ('2012-00159','U-2012-01','2012-09-07 19:29:51','2012-09-07 19:39:45'),
 ('2012-00160','U-2012-01','2012-09-07 19:49:18','2012-09-07 19:50:40'),
 ('2012-00161','U-2012-01','2012-09-07 19:51:12','2012-09-07 19:53:42'),
 ('2012-00162','U-2012-01','2012-09-07 19:55:07','2012-09-07 19:57:58'),
 ('2012-00163','U-2012-01','2012-09-07 19:58:06','2012-09-07 20:06:46'),
 ('2012-00164','U-2012-01','2012-09-09 22:23:11','2012-09-09 22:32:39'),
 ('2012-00165','U-2012-01','2012-09-09 22:41:16','2012-09-09 22:42:31'),
 ('2012-00166','U-2012-01','2012-09-12 11:11:45','2012-09-12 11:37:57'),
 ('2012-00167','U-2012-01','2012-09-12 11:38:08','2012-09-12 11:50:29'),
 ('2012-00168','U-2012-01','2012-09-12 11:51:00','2012-09-12 11:52:57');
INSERT INTO `loghis` (`logid`,`userid`,`login`,`logout`) VALUES 
 ('2012-00169','U-2012-01','2012-09-12 11:53:14','2012-09-12 12:03:40'),
 ('2012-00170','U-2012-01','2012-09-12 12:03:50','2012-09-12 12:08:59'),
 ('2012-00171','U-2012-01','2012-09-12 12:09:15','2012-09-12 20:08:14'),
 ('2012-00172','U-2012-01','2012-09-12 20:08:20','2012-09-12 20:55:41'),
 ('2012-00173','U-2012-01','2012-09-12 20:55:56','2012-09-12 20:58:54'),
 ('2012-00174','U-2012-01','2012-09-12 20:59:36','2012-09-12 21:00:15'),
 ('2012-00175','U-2012-01','2012-09-12 21:12:40','2012-09-12 21:14:32'),
 ('2012-00176','U-2012-01','2012-09-12 21:14:41','2012-09-12 21:20:34'),
 ('2012-00177','U-2012-01','2012-09-12 21:20:42','2012-09-12 21:21:44'),
 ('2012-00178','U-2012-01','2012-09-13 00:05:00','2012-09-13 00:22:35'),
 ('2012-00179','U-2012-01','2012-09-13 00:22:49','2012-09-13 00:24:06'),
 ('2012-00180','U-2012-01','2012-09-13 00:24:13','2012-09-13 00:27:06'),
 ('2012-00181','U-2012-01','2012-09-13 00:27:32','2012-09-13 00:28:50'),
 ('2012-00182','U-2012-01','2012-09-13 00:39:06','2012-09-13 00:52:43');
INSERT INTO `loghis` (`logid`,`userid`,`login`,`logout`) VALUES 
 ('2012-00183','U-2012-01','2012-09-13 00:52:58','2012-09-13 01:02:17'),
 ('2012-00184','U-2012-01','2012-09-13 01:03:15','2012-09-13 01:04:36'),
 ('2012-00185','U-2012-01','2012-09-13 01:04:39','2012-09-13 01:05:33');
/*!40000 ALTER TABLE `loghis` ENABLE KEYS */;


--
-- Definition of table `monitor`
--

DROP TABLE IF EXISTS `monitor`;
CREATE TABLE `monitor` (
  `monid` varchar(12) NOT NULL,
  `userid` varchar(15) NOT NULL,
  `custid` varchar(12) NOT NULL,
  `barcode` bigint(15) unsigned NOT NULL,
  `date` date NOT NULL,
  `remainqty` int(10) unsigned NOT NULL,
  `recqty` int(10) unsigned NOT NULL,
  `delqty` int(10) unsigned NOT NULL,
  `newqty` int(10) unsigned NOT NULL,
  `manudate` date NOT NULL,
  `expidate` date NOT NULL,
  PRIMARY KEY  (`monid`)
) ENGINE=InnoDB DEFAULT CHARSET=latin1;

--
-- Dumping data for table `monitor`
--

/*!40000 ALTER TABLE `monitor` DISABLE KEYS */;
INSERT INTO `monitor` (`monid`,`userid`,`custid`,`barcode`,`date`,`remainqty`,`recqty`,`delqty`,`newqty`,`manudate`,`expidate`) VALUES 
 ('2012-00001','U-2012-01','1',4800092331923,'2012-09-07',0,400,0,400,'2012-09-07','2013-09-07'),
 ('2012-00002','U-2012-01','1',4800092331923,'2012-09-07',400,50,0,450,'2012-09-07','2013-09-07'),
 ('2012-00003','U-2012-01','1',4801981109005,'2012-09-07',0,50,0,50,'2012-09-07','2013-09-07'),
 ('2012-00004','U-2012-01','1',4005808802975,'2012-09-09',0,100,0,100,'2011-07-07','2015-02-11'),
 ('2012-00005','U-2012-01','1',8993242592605,'2012-09-09',0,50,0,50,'2012-09-09','2014-09-09'),
 ('2012-00006','U-2012-01','1',234028340,'2012-09-13',0,1000,0,1000,'2012-09-13','2014-09-13'),
 ('2012-00007','U-2012-01','2012-00002',4801981109005,'2012-09-13',50,0,3,47,'2012-09-07','2013-09-07'),
 ('2012-00008','U-2012-01','2012-00002',4005808802975,'2012-09-13',100,0,1,99,'2011-07-07','2015-02-11'),
 ('2012-00009','U-2012-01','2012-00002',4005808802975,'2012-09-13',100,0,1,99,'2011-07-07','2015-02-11'),
 ('2012-00010','U-2012-01','2012-00001',4005808802975,'2012-09-13',100,0,1,99,'2011-07-07','2015-02-11');
INSERT INTO `monitor` (`monid`,`userid`,`custid`,`barcode`,`date`,`remainqty`,`recqty`,`delqty`,`newqty`,`manudate`,`expidate`) VALUES 
 ('2012-00011','U-2012-01','2012-00001',4800092331923,'2012-09-13',450,0,10,440,'2012-09-07','2013-09-07'),
 ('2012-00012','U-2012-01','2012-00001',8993242592605,'2012-09-13',50,0,2,48,'2012-09-09','2014-09-09'),
 ('2012-00013','U-2012-01','2012-00001',4801981109005,'2012-09-13',47,0,3,44,'2012-09-07','2013-09-07'),
 ('2012-00014','U-2012-01','2012-00001',234028340,'2012-09-13',1000,0,5,995,'2012-09-13','2014-09-13');
/*!40000 ALTER TABLE `monitor` ENABLE KEYS */;


--
-- Definition of table `payment`
--

DROP TABLE IF EXISTS `payment`;
CREATE TABLE `payment` (
  `paymentid` int(10) unsigned NOT NULL auto_increment,
  `billingid` int(10) unsigned NOT NULL,
  `amount` double NOT NULL,
  `cash` double NOT NULL,
  `balance` double NOT NULL,
  `change` double NOT NULL,
  `vat` double NOT NULL,
  `vatable` double NOT NULL,
  `date` datetime NOT NULL,
  PRIMARY KEY  (`paymentid`)
) ENGINE=InnoDB DEFAULT CHARSET=latin1;

--
-- Dumping data for table `payment`
--

/*!40000 ALTER TABLE `payment` DISABLE KEYS */;
/*!40000 ALTER TABLE `payment` ENABLE KEYS */;


--
-- Definition of table `product`
--

DROP TABLE IF EXISTS `product`;
CREATE TABLE `product` (
  `barcode` bigint(15) unsigned NOT NULL auto_increment,
  `name` varchar(80) NOT NULL,
  `type` varchar(15) NOT NULL,
  `qty` int(10) unsigned NOT NULL,
  `price` double NOT NULL,
  `crititem` int(10) unsigned NOT NULL,
  `manudate` date NOT NULL,
  `expidate` date NOT NULL,
  PRIMARY KEY  USING BTREE (`barcode`)
) ENGINE=InnoDB AUTO_INCREMENT=8993242592606 DEFAULT CHARSET=latin1;

--
-- Dumping data for table `product`
--

/*!40000 ALTER TABLE `product` DISABLE KEYS */;
INSERT INTO `product` (`barcode`,`name`,`type`,`qty`,`price`,`crititem`,`manudate`,`expidate`) VALUES 
 (234028340,'Maxx (Red)','Food',995,1,100,'2012-09-13','2014-09-13'),
 (4005808802975,'Nivea Body Lotion Bamboo Milk (250 g)','Cosmetics',97,150,10,'2011-07-07','2015-02-11'),
 (4800092331923,'Happy Sweet Chili (6 g)','Food',440,1,30,'2012-09-07','2013-09-07'),
 (4801981109005,'Coca Cola (Litro)','Drink',44,25,10,'2012-09-07','2013-09-07'),
 (8993242592605,'Paper One 500 page (Subtance 17)','School Supply',48,160,10,'2012-09-09','2014-09-09');
/*!40000 ALTER TABLE `product` ENABLE KEYS */;


--
-- Definition of table `sub`
--

DROP TABLE IF EXISTS `sub`;
CREATE TABLE `sub` (
  `subid` varchar(12) NOT NULL,
  `billingid` varchar(12) NOT NULL,
  `barcode` bigint(15) unsigned NOT NULL,
  `qty` int(10) unsigned NOT NULL,
  `price` double NOT NULL,
  `amount` double NOT NULL,
  `void` char(1) NOT NULL,
  `date` date NOT NULL,
  PRIMARY KEY  (`subid`)
) ENGINE=InnoDB DEFAULT CHARSET=latin1;

--
-- Dumping data for table `sub`
--

/*!40000 ALTER TABLE `sub` DISABLE KEYS */;
INSERT INTO `sub` (`subid`,`billingid`,`barcode`,`qty`,`price`,`amount`,`void`,`date`) VALUES 
 ('2012-00001','2012-00001',4005808802975,1,150,150,'N','2012-09-13'),
 ('2012-00002','2012-00001',4800092331923,10,1,10,'N','2012-09-13'),
 ('2012-00003','2012-00001',8993242592605,2,160,320,'N','2012-09-13'),
 ('2012-00004','2012-00001',4801981109005,3,25,75,'N','2012-09-13'),
 ('2012-00005','2012-00001',234028340,5,1,5,'N','2012-09-13');
/*!40000 ALTER TABLE `sub` ENABLE KEYS */;


--
-- Definition of table `user`
--

DROP TABLE IF EXISTS `user`;
CREATE TABLE `user` (
  `userid` varchar(9) NOT NULL default '',
  `uname` varchar(20) default NULL,
  `pwd` varchar(32) default NULL,
  `fname` varchar(30) default NULL,
  `lname` varchar(20) default NULL,
  `ustatus` varchar(8) default NULL,
  `utype` varchar(5) default NULL,
  `sq` varchar(60) default NULL,
  `sa` varchar(20) default NULL,
  `regdate` date default NULL,
  PRIMARY KEY  (`userid`)
) ENGINE=InnoDB DEFAULT CHARSET=utf8;

--
-- Dumping data for table `user`
--

/*!40000 ALTER TABLE `user` DISABLE KEYS */;
INSERT INTO `user` (`userid`,`uname`,`pwd`,`fname`,`lname`,`ustatus`,`utype`,`sq`,`sa`,`regdate`) VALUES 
 ('U-2012-01','Computer','palawan','Joanna Rose','Bernas','Active','Admin','When is your spiritual birth?','1992-04-07','2012-07-01'),
 ('U-2012-02','Irenete','Lanzarote','Irene','Lanzarote','Inactive','Staff','What is your favorite hobby?','Reading','2012-07-03'),
 ('U-2012-03','LeahRes','Delosyes','Leah','Delos Reyes','Inactive','Staff','What is your favorite food?','Ice Cream','2012-07-03');
/*!40000 ALTER TABLE `user` ENABLE KEYS */;




/*!40101 SET SQL_MODE=@OLD_SQL_MODE */;
/*!40014 SET FOREIGN_KEY_CHECKS=@OLD_FOREIGN_KEY_CHECKS */;
/*!40014 SET UNIQUE_CHECKS=@OLD_UNIQUE_CHECKS */;
/*!40101 SET CHARACTER_SET_CLIENT=@OLD_CHARACTER_SET_CLIENT */;
/*!40101 SET CHARACTER_SET_RESULTS=@OLD_CHARACTER_SET_RESULTS */;
/*!40101 SET COLLATION_CONNECTION=@OLD_COLLATION_CONNECTION */;
/*!40101 SET CHARACTER_SET_CLIENT=@OLD_CHARACTER_SET_CLIENT */;
